V0	V1	V2	V3	V4	V5	V6	V7	V8	V9	V10	V11	V12	V13	V14	V15	V16	V17	V18	V19	V20	V21	V22	V23	V24	V25	V26	V27	V28	V29	V30	V31	V32	V33	V34	V35	V36	V37	V38	V39	V40	V41	V42	V43	V44	V45	V46	V47	V48	V49	V50	V51	V52	V53	V54	V55	V56	V57	V58	V59	V60	V61	V62	V63	V64	V65	V66	V67	V68	V69	Title
-0.119825	0.038215	-0.077233	0.030583	-0.028783	0.051330	-0.039995	0.033858	-0.106339	0.029733	-0.046401	-0.072720	0.198917	-0.221919	0.099959	-0.161692	0.023405	-0.029128	0.090101	-0.053151	0.087132	-0.124477	-0.052258	-0.046735	0.129690	-0.062938	-0.128157	0.172048	0.060801	0.064826	-0.196566	-0.146111	-0.032456	0.229769	0.049126	0.291014	-0.020830	-0.170916	-0.127289	-0.101755	-0.386745	0.358492	0.253251	0.115804	-0.079985	-0.168200	-0.091792	-0.002854	-0.080677	0.049881	0.076528	0.031685	0.127855	0.010228	-0.077601	-0.005145	-0.031338	-0.028368	-0.061292	-0.011940	0.048382	0.063643	0.020195	0.033105	0.015425	-0.024736	-0.009718	-0.031481	0.038597	-0.013497	A Christmas Carol
-0.124796	0.000029	-0.011826	-0.044771	-0.121407	0.066295	0.034768	0.139118	-0.031273	0.021260	-0.003326	-0.004656	0.006061	0.007955	0.009790	-0.025213	-0.049506	0.112539	0.092451	0.008950	0.031180	-0.007760	0.068832	-0.003908	0.002775	-0.036708	-0.005891	-0.001852	-0.084421	0.104258	0.008170	-0.071515	0.037486	-0.103709	0.102160	0.000317	0.092847	-0.017907	-0.119990	0.043152	0.053721	0.073702	0.006627	-0.045275	-0.010172	0.083684	-0.072499	-0.009459	0.099740	-0.007475	0.005850	0.000832	-0.015032	-0.029617	-0.077541	-0.062609	0.008034	-0.014215	0.045666	0.159707	-0.097903	0.043196	-0.290787	-0.263538	-0.200901	-0.367069	-0.305038	0.255287	-0.458181	-0.240591	A Study in Scarlet
-0.125655	0.027679	-0.041248	-0.020557	0.002987	0.007975	0.022558	0.049458	-0.060509	-0.052167	-0.037249	0.002737	0.018178	-0.010605	0.098398	-0.078891	0.000368	0.105249	0.050266	-0.100778	0.057785	-0.024321	-0.090633	0.007032	0.070705	-0.070578	0.001052	0.010933	0.022953	-0.008535	-0.011412	-0.086303	0.021842	0.140629	0.020954	0.001172	-0.003228	0.073023	-0.013170	-0.035798	0.088586	-0.056341	-0.064360	-0.021786	0.010162	-0.075847	0.028459	-0.099908	0.054094	-0.007882	-0.006550	0.019749	0.069965	0.046695	0.106196	0.065855	0.291098	0.194591	0.118708	0.015087	0.110825	-0.135426	-0.273323	-0.404641	-0.284652	0.546103	0.021056	0.086358	0.082332	0.118842	A Tale of Two Cities
-0.120912	-0.142760	-0.256890	0.159240	-0.280014	-0.261396	-0.213477	-0.005490	-0.290596	-0.108743	0.108772	-0.028520	-0.211862	-0.038428	0.079355	0.064075	-0.048415	-0.013887	-0.048300	0.104871	-0.058696	-0.122539	0.136904	-0.025782	0.029150	0.069707	0.216739	-0.005254	0.002725	-0.277528	-0.082306	0.157116	-0.086604	-0.124680	0.107249	0.210466	0.063488	0.154542	-0.081366	0.101633	-0.051918	0.062369	0.057532	-0.113319	-0.009639	0.212091	0.106559	-0.202250	-0.050104	0.065417	-0.011885	0.015234	0.119179	0.054324	0.011921	0.098008	-0.019674	-0.032183	0.029710	-0.068771	0.044438	-0.077121	0.006007	-0.000717	-0.030031	-0.021638	-0.045907	-0.010964	0.063555	0.014774	Adventures of Huckleberry Finn
-0.136165	0.080742	-0.035617	0.121584	0.015925	0.092525	-0.029252	-0.093025	-0.037304	-0.050824	-0.278299	0.310589	0.017119	-0.041556	-0.173628	-0.191851	-0.149566	-0.064138	0.070431	0.025908	0.186612	-0.059926	0.102031	-0.001860	0.364000	0.109687	0.046610	0.129087	0.070656	0.197772	0.278988	0.254895	-0.024515	-0.185397	-0.101528	0.169174	0.031680	-0.124761	-0.073209	-0.249673	-0.012777	-0.109012	-0.200242	-0.088772	0.094118	0.045795	-0.018151	-0.056995	-0.068822	-0.029151	0.025005	-0.047617	-0.031207	-0.022461	0.077079	0.060233	-0.038012	-0.014804	-0.014040	0.029584	0.057383	-0.020233	0.010119	-0.003008	-0.013996	-0.022277	0.006078	-0.053073	0.011404	0.002251	Aesop's Fables
-0.119470	0.003203	-0.099867	-0.109829	-0.021292	-0.114606	0.019667	-0.510183	0.028217	0.199124	0.108906	-0.070672	0.120815	-0.275275	-0.066608	-0.223248	0.090418	0.041577	-0.137882	0.187884	-0.195337	-0.083102	-0.150888	0.110591	-0.218079	-0.272673	0.088644	0.141200	-0.044301	0.117755	0.230810	-0.056054	-0.085780	-0.210469	-0.046235	0.043878	0.044229	0.068862	-0.058471	-0.044621	0.127526	0.025606	0.008440	0.085739	-0.062126	-0.021120	-0.007294	-0.044264	0.068360	0.003073	-0.033575	0.015232	0.040520	0.023375	0.007453	0.031890	-0.008125	0.044633	-0.027525	0.045220	-0.034101	0.028194	0.033939	-0.061301	-0.003891	0.011013	-0.026958	-0.009463	0.019175	-0.020204	Alice's Adventures in Wonderland
-0.116892	-0.005807	-0.171117	-0.027010	0.087485	0.076094	0.121688	0.010104	-0.056648	-0.088398	0.110948	-0.003859	-0.054224	0.127168	-0.012265	0.001571	0.013161	0.074994	0.093469	0.020736	-0.004605	0.071645	-0.073262	0.113310	-0.060652	0.034987	-0.017846	0.027363	0.030612	0.011168	0.111118	-0.027080	-0.114483	-0.015261	-0.001870	-0.078738	-0.108108	0.048127	0.177358	-0.158205	0.024489	0.167562	0.057247	0.103775	0.180844	0.108541	-0.126425	-0.065164	-0.233104	-0.061840	0.261247	0.196399	0.029746	0.008925	0.129736	0.271791	0.026593	-0.105844	0.221475	-0.285488	-0.337174	0.225974	-0.181605	0.067443	-0.060037	-0.043123	0.120200	-0.067809	-0.053208	0.026161	Аnna Karenina
-0.104885	-0.167815	-0.128562	-0.122667	-0.080114	-0.185510	-0.042868	-0.152255	-0.081157	-0.118577	0.257811	0.068814	-0.144978	0.087192	-0.013290	-0.007385	-0.050925	0.092250	-0.104956	0.075688	0.055110	-0.149981	0.212724	0.069528	0.204415	-0.090181	-0.351342	-0.086063	-0.016645	0.040586	0.014004	-0.194242	0.117274	0.173476	-0.410647	-0.261871	0.144828	-0.115311	-0.053246	-0.021647	-0.171612	-0.081260	-0.084344	0.026238	0.031222	0.007229	-0.008377	-0.048787	0.028007	-0.015568	-0.040227	-0.009460	-0.089855	-0.103067	-0.067369	0.029564	-0.046130	0.044559	0.005245	-0.004927	0.043197	0.123340	-0.009801	0.014828	0.044376	0.029147	-0.031606	0.003713	-0.020644	-0.001892	Anne of Green Gables
-0.128988	0.157277	0.014185	-0.032209	-0.009290	0.074052	0.057370	0.008956	0.033258	0.028610	-0.071119	0.110371	-0.071596	-0.109443	0.011099	-0.101063	-0.146234	-0.204553	-0.053953	-0.227072	0.103641	-0.108990	0.155971	-0.119816	-0.147212	-0.244220	0.134371	-0.233275	-0.083354	-0.400315	-0.001328	0.244676	-0.089057	0.100790	-0.166183	-0.220807	-0.040333	-0.024520	-0.108877	-0.073991	0.113252	0.292003	-0.108669	0.234956	-0.054479	-0.062258	-0.061591	-0.006961	0.060688	-0.090976	0.053829	0.030919	0.016244	-0.146680	0.020337	0.023799	-0.042638	-0.001395	-0.068297	-0.000367	-0.033591	-0.031521	0.037613	-0.045259	-0.013869	-0.023927	-0.014048	0.020980	-0.010369	0.004574	Around the World in Eighty Days
-0.122498	-0.001784	0.034243	-0.035851	0.020364	0.056700	-0.067490	0.052619	0.008306	0.099445	-0.035125	0.053971	0.073044	0.065100	-0.133993	-0.298320	-0.030455	-0.080161	0.071628	0.182462	-0.123153	0.138374	0.221977	-0.023172	-0.034929	0.123098	-0.094743	0.088387	0.166363	-0.294086	0.127004	-0.233648	-0.037479	0.071454	0.230648	-0.061161	0.333499	0.034016	0.264270	0.124960	-0.118214	0.071173	-0.312552	0.020604	-0.190699	0.013138	0.088021	0.191068	-0.073377	-0.018893	0.023586	0.024335	0.096712	0.054467	-0.029955	0.070269	0.017443	-0.005098	-0.016481	0.014993	-0.018936	-0.005451	0.059074	-0.046265	-0.021647	0.018577	0.010200	-0.022266	0.003077	-0.021561	Candide
-0.126160	-0.023182	-0.015244	0.087886	0.159351	-0.015270	-0.096105	0.135059	-0.067842	0.154923	0.037482	-0.015988	0.006258	0.026056	-0.100130	-0.049331	0.061513	0.176718	0.089511	0.069364	-0.017195	0.109685	-0.074281	0.035913	0.053317	-0.012267	0.050793	0.099446	0.194904	-0.124040	0.033851	0.118881	-0.082035	0.111191	-0.184898	-0.067095	-0.062335	0.194367	-0.076014	-0.154246	-0.067180	-0.029304	0.058232	-0.082289	-0.086376	0.119500	-0.195729	0.134191	0.509214	0.149589	0.048207	0.295463	-0.175984	0.085458	-0.105786	-0.081982	0.055020	0.048139	0.000346	-0.106743	0.072970	-0.086513	0.038216	0.139898	-0.118809	-0.068413	-0.047498	-0.071683	0.002422	0.033041	Don Quixote
-0.119834	-0.106096	-0.024615	0.014543	-0.043299	-0.037531	-0.035498	0.108641	0.033873	0.142566	0.004622	0.047078	-0.016790	-0.043951	0.040321	0.152126	0.013056	0.039507	0.095519	0.156373	0.088621	0.089862	-0.060729	-0.016535	-0.061030	0.019540	-0.002254	-0.122374	0.048195	-0.032135	-0.002629	0.063083	0.057524	-0.055378	-0.092898	0.067934	0.082053	0.061828	0.000923	-0.065439	0.026004	0.126720	0.087003	0.088351	-0.033594	0.041883	-0.123181	0.116801	-0.077090	0.015548	0.131967	-0.117323	-0.297384	0.175918	0.174884	0.130202	0.108829	-0.027184	0.181223	0.344063	0.210374	0.271590	0.251620	-0.306191	0.232641	0.000500	0.157677	0.058463	0.019905	-0.025736	Dracula
-0.121885	0.060817	-0.145277	-0.055793	-0.041261	0.043261	0.157448	-0.007567	-0.040614	-0.158655	-0.024833	0.045062	0.063429	0.151744	-0.007427	-0.171788	0.039764	-0.020988	0.047215	0.007058	0.086551	0.021263	-0.022267	-0.023796	-0.080848	0.019279	0.121898	-0.201708	-0.142766	-0.054511	0.043225	-0.092407	0.097399	0.068627	0.097908	0.035178	0.181805	0.111768	-0.025334	-0.138503	0.096297	-0.167982	0.141082	0.097770	0.191707	-0.111342	-0.002157	-0.074131	0.051282	0.242209	-0.028445	-0.020617	0.051336	0.137831	-0.254249	-0.000760	-0.080801	-0.254488	0.017876	0.303266	0.077759	0.155920	0.102167	0.301218	-0.231697	0.132429	0.024226	-0.013516	-0.044701	0.057487	Dubliners
-0.129305	0.066188	-0.161291	-0.051804	-0.020249	0.002886	0.200361	-0.042762	0.009868	-0.183723	0.033547	0.098787	-0.146516	0.148728	-0.109497	0.223270	0.032039	0.090141	-0.106956	-0.004092	0.053419	-0.010876	-0.100444	0.146750	-0.020779	0.141883	0.102343	-0.084701	-0.115721	0.186320	0.081793	-0.050889	-0.165009	0.075588	0.133352	-0.054029	0.095836	0.068089	-0.138703	-0.060944	-0.086385	0.275330	-0.096390	-0.155614	-0.324634	-0.148656	0.031575	0.160897	0.102518	0.040728	0.068011	-0.045508	0.124405	0.042056	0.281944	-0.115099	-0.183232	0.223011	-0.050972	0.090267	0.008961	-0.061136	0.029566	0.098331	-0.020102	0.001717	0.086204	0.001311	0.000170	0.013325	Ethan Frome
-0.130819	-0.104132	0.098541	0.000494	-0.108461	-0.234181	0.059933	0.292335	0.241260	0.054759	-0.193200	0.021459	-0.157546	0.020610	-0.091955	-0.081045	-0.043299	0.019477	-0.012161	0.038149	-0.147338	-0.005604	0.005864	-0.035807	0.029798	-0.046944	0.056231	0.132631	-0.038710	0.004290	-0.013431	-0.160436	-0.075110	0.040530	-0.069244	-0.062357	-0.204050	-0.080103	0.021520	-0.123868	0.057281	-0.152566	0.161038	0.053736	0.000769	0.140856	-0.013799	0.020062	-0.029278	0.025517	-0.084494	0.131932	0.276365	0.007864	0.115053	-0.016434	-0.393891	0.038303	-0.069354	0.090130	-0.095762	0.178760	0.130410	-0.201153	-0.065888	0.055396	-0.123786	-0.003091	0.155827	0.049092	Frankenstein
-0.127744	-0.011815	0.058163	-0.139684	-0.222882	-0.013404	0.055542	0.159222	0.119497	-0.107377	-0.027982	-0.087008	0.100874	-0.069255	0.027032	-0.098379	0.128780	-0.213500	-0.291184	0.179169	-0.051139	-0.011251	0.017264	0.042274	-0.007968	0.091366	-0.003490	-0.114208	0.167794	0.051066	0.027210	0.106376	0.052665	0.081916	0.101474	0.084647	0.056706	-0.005883	-0.023041	0.036698	0.065519	-0.020907	0.016604	-0.045999	0.021123	0.050080	-0.168890	-0.056969	0.068943	0.051434	0.246909	-0.219502	-0.322110	-0.068011	0.099961	-0.107885	-0.020976	0.027175	-0.277377	-0.273851	-0.043077	0.201157	-0.105100	0.039889	-0.076080	0.129231	-0.130729	0.040941	0.064950	0.025030	Heart of Darkness
-0.135511	0.122736	0.142493	0.002517	0.077407	-0.061084	0.059748	0.069844	0.006594	-0.001484	-0.028444	0.023336	-0.069327	0.145555	-0.175150	-0.178814	-0.019404	0.156424	-0.125756	0.049857	-0.022331	-0.012301	0.036387	-0.015633	0.023957	-0.136677	0.070435	0.008947	-0.065974	0.009522	-0.018710	-0.130045	-0.140976	0.021012	0.031704	0.008604	-0.057989	0.039937	-0.244904	0.113614	-0.089449	-0.109480	0.157943	0.065471	-0.014599	0.172305	0.160130	0.111011	0.037703	0.059799	0.209281	-0.143557	0.001724	-0.173266	0.085946	0.036423	0.145384	-0.365751	-0.010153	0.048162	0.076751	-0.164058	-0.286689	0.029295	0.339390	0.025455	0.171946	0.041657	0.039199	-0.018898	Ivanhoe
-0.117767	-0.182901	-0.019939	-0.057874	-0.099446	-0.112904	-0.016185	0.071508	0.118319	0.024162	-0.139992	0.042928	0.024685	-0.000052	-0.037495	0.030840	0.015736	-0.102097	-0.038215	0.051536	-0.007138	-0.123153	-0.016761	0.001636	-0.103965	-0.078032	-0.007088	-0.072556	-0.013434	0.048507	-0.060805	-0.016174	-0.060359	0.099010	-0.033772	0.082446	-0.125513	0.006807	-0.006517	0.016056	-0.004566	-0.050011	-0.085703	-0.019210	-0.023216	0.045762	0.047683	0.046697	-0.084099	-0.072054	-0.093830	0.004743	-0.018081	0.050849	-0.055414	-0.132361	0.153570	0.006752	-0.034800	-0.016793	0.063747	-0.016522	-0.074781	-0.032547	-0.200689	-0.073437	0.393983	-0.593327	-0.333756	-0.151995	Jane Eyre
-0.131335	0.138119	0.075095	-0.108605	-0.017495	0.103724	0.025864	0.020056	0.003258	-0.025471	0.016891	-0.053149	0.016846	-0.029439	0.035162	-0.022467	-0.059400	-0.088593	0.081689	-0.073289	-0.055593	-0.012172	0.041343	0.160838	-0.078230	0.176026	0.005151	0.002115	-0.010869	-0.094498	0.139437	0.030829	-0.060431	-0.021084	0.028217	-0.034553	0.121793	-0.085438	-0.050671	0.075172	-0.050811	0.035924	0.122709	-0.062119	0.174325	0.082515	0.065387	-0.200716	0.052454	-0.056476	-0.185318	0.288924	0.012799	0.047467	0.082250	-0.321689	0.105021	0.187981	0.095040	0.146773	0.090806	0.244481	-0.232362	0.057399	0.379843	0.059750	-0.139136	-0.235928	0.063990	-0.001686	Les Misérables
-0.110789	-0.084075	-0.162513	0.003368	0.120318	-0.183095	-0.094140	-0.139704	-0.003490	0.009386	-0.137362	-0.000643	0.172126	-0.034748	-0.015361	0.124315	0.010803	0.032198	0.027657	-0.110963	0.073246	0.008656	-0.106747	0.027953	-0.034163	0.068408	-0.100361	-0.022434	-0.062563	-0.053119	0.019015	0.183767	0.022920	-0.046925	0.009133	-0.142830	0.031468	-0.208295	0.088142	0.301656	-0.058444	0.033017	-0.007561	-0.002483	0.372609	0.131511	-0.089006	0.343908	0.127966	0.177268	0.224251	-0.153106	0.327146	-0.001303	0.056578	-0.078741	0.060684	-0.000166	-0.084397	0.024338	0.016618	0.037522	0.000332	-0.047364	-0.064514	0.020061	-0.085717	-0.049985	0.042512	-0.021786	Little Women
-0.102154	-0.178311	0.164783	0.131477	0.077503	0.193942	-0.007815	-0.141949	-0.032318	-0.212704	-0.145409	-0.223996	-0.288011	-0.255138	-0.076525	-0.136158	0.090838	0.135177	0.102383	-0.041174	-0.412304	0.015473	-0.136165	-0.254044	0.133209	0.066784	-0.174866	-0.401055	-0.094587	0.034548	0.052923	0.079271	-0.077446	0.062425	0.001875	0.030503	0.036747	-0.015022	-0.010079	-0.016236	-0.003025	0.041729	-0.010719	-0.080595	0.016048	0.024267	-0.004399	0.072296	-0.055313	0.024406	0.003050	0.032704	-0.023127	0.028733	-0.025436	0.006162	-0.004460	0.006409	0.009793	0.006059	-0.005945	-0.000242	0.003118	-0.004134	-0.000690	-0.007637	0.003143	0.006887	-0.006278	-0.013069	Macbeth
-0.115180	0.077759	-0.228906	-0.026711	0.178718	0.259524	0.165329	0.142131	-0.012573	0.081054	0.143967	0.056775	-0.060226	-0.340403	-0.017209	0.310141	0.078701	0.005182	-0.104990	0.166485	-0.104170	-0.059653	-0.012363	-0.126392	0.200926	-0.142924	0.324517	0.008999	0.176830	-0.014604	0.060858	-0.102756	0.232912	0.129258	0.120285	-0.117943	-0.002501	-0.047209	-0.090256	0.072089	-0.101835	-0.177075	-0.129429	0.089489	0.119032	0.076305	-0.010555	0.018281	-0.141641	0.063348	-0.034761	0.042812	0.059814	-0.066377	-0.004364	-0.028258	0.000803	0.017319	0.000915	0.025139	-0.003659	-0.037142	0.033376	-0.001036	0.030161	-0.028468	-0.019799	-0.053475	-0.003864	-0.021701	Metamorphosis
-0.132006	0.120885	0.117261	0.006725	-0.023022	-0.002510	-0.023998	-0.025420	-0.064344	0.030657	0.016970	-0.026321	0.004478	-0.162283	0.066744	0.122369	0.039853	0.182234	-0.135023	-0.051319	0.042040	0.046221	-0.038493	0.068175	-0.008321	-0.028993	-0.073265	0.044797	0.102342	-0.080970	-0.053221	-0.017794	-0.053369	0.098928	-0.095107	0.069484	0.021613	0.062874	0.196459	-0.016427	0.080186	0.031804	-0.088476	-0.132489	0.021840	0.018866	-0.188881	0.062137	-0.041017	-0.362501	-0.242987	-0.121118	0.067941	0.040199	0.283386	-0.014227	-0.120936	-0.418940	0.051930	0.087970	0.229485	0.019923	-0.134998	0.208497	-0.168297	-0.001227	-0.149353	-0.034740	0.040746	-0.032347	Moby-Dick
-0.121306	0.060649	-0.046090	-0.001242	-0.013375	0.060588	0.020367	-0.032948	-0.058627	0.045542	-0.125484	0.045804	0.133757	-0.067959	0.019251	-0.110588	-0.012184	0.119051	0.028833	-0.095333	0.089981	-0.092252	-0.004653	0.008267	-0.003686	-0.105792	0.059383	-0.052509	-0.073047	-0.110791	-0.068393	-0.025013	0.046497	0.111846	0.037576	-0.037874	0.048090	0.004327	-0.069412	0.108212	0.011635	-0.203230	0.063119	-0.241063	-0.041283	-0.033285	0.022880	0.047398	0.090492	-0.138652	0.023121	-0.285638	-0.074822	0.298684	-0.099457	-0.046980	-0.325167	0.094865	0.422055	-0.301130	-0.193171	0.031290	0.054131	-0.065399	0.192442	0.017702	0.031885	-0.056304	-0.031579	-0.028474	Oliver Twist
-0.130997	-0.041440	0.089826	0.018932	0.136997	-0.068972	-0.345856	0.114475	-0.078590	0.219810	0.192958	0.071653	-0.117981	-0.203918	-0.397236	0.032670	-0.017467	-0.198772	0.028110	-0.082307	0.247406	-0.154670	-0.165305	0.002941	-0.055850	0.143038	-0.013561	-0.112440	-0.114468	0.160626	-0.035224	-0.202132	-0.201227	0.130887	0.157465	-0.061747	0.000543	0.052539	0.097244	0.015907	0.129277	0.015938	-0.042323	-0.052274	0.151967	-0.120302	0.020298	-0.179049	0.037787	0.082425	-0.018434	-0.039312	-0.089065	-0.051236	-0.006909	0.052890	-0.021769	-0.040831	-0.013911	-0.018821	-0.061193	-0.021877	0.031750	-0.011363	0.020064	-0.002589	-0.062239	0.012938	0.033416	-0.024789	On the Duty of Civil Disobediance
-0.094102	-0.292889	0.130993	0.107255	0.012142	0.140676	0.063260	-0.119064	0.075834	-0.171368	-0.145131	-0.273223	-0.304681	-0.084664	-0.142734	0.008404	0.368616	-0.106734	0.078575	-0.085144	0.395936	0.132432	0.163856	0.308378	-0.037910	-0.185800	0.090016	0.202325	0.080655	-0.084400	-0.045413	-0.040173	0.108229	-0.073974	0.026373	-0.020462	0.042190	-0.041926	-0.028810	0.042996	-0.009356	-0.003280	-0.000725	0.030356	-0.006318	-0.018047	0.019764	-0.007739	0.016344	0.020495	0.002589	-0.014930	0.003398	0.006341	-0.011459	0.013555	0.007400	0.004138	0.005682	0.011525	-0.000742	-0.004517	0.000173	0.009531	0.007446	0.001584	-0.001611	0.003980	-0.000003	0.001727	Othello
-0.097677	-0.001617	0.031968	0.290397	0.298526	-0.113807	0.066193	0.111127	-0.061383	-0.100941	0.012671	0.272854	-0.063655	-0.160110	0.332018	-0.110760	0.153247	0.031836	-0.041448	0.225363	0.038507	0.047729	0.184788	-0.023277	-0.426574	0.073748	-0.233867	0.011865	-0.030675	0.086111	0.027130	0.026308	0.046833	-0.045620	0.160371	-0.112377	-0.177429	-0.009611	-0.165269	-0.104662	-0.089730	0.020105	-0.088692	-0.112890	0.084871	-0.057704	0.059933	-0.052243	0.045403	0.008727	-0.074537	-0.051764	0.000550	-0.068579	-0.010650	0.004219	-0.015123	-0.013968	0.014900	-0.012107	0.003642	0.012793	0.025770	-0.024385	0.005490	0.012083	-0.036817	-0.019442	0.016411	0.008487	Paradise Lost
-0.132324	0.215694	-0.173834	0.316447	-0.118743	0.216259	-0.467130	-0.066559	0.629169	-0.233688	0.188282	-0.007434	0.051530	0.080547	0.046385	0.011955	0.004369	0.093512	0.045280	0.034096	0.017546	-0.015648	-0.037948	-0.034090	-0.038563	-0.061665	-0.001725	0.015762	-0.002611	-0.010231	0.000236	-0.033363	0.004698	0.009872	-0.014890	-0.012533	-0.005915	0.005861	-0.017304	0.018525	-0.010712	-0.013699	0.010774	0.000683	-0.002537	0.006240	0.025666	0.003533	-0.002409	-0.008198	-0.002656	-0.001210	0.000008	-0.009803	-0.000810	-0.003317	-0.004781	-0.008775	-0.002466	-0.005773	0.001971	0.004238	-0.004099	-0.004567	-0.007288	0.000320	-0.001589	-0.002314	0.001076	-0.001223	Peach Blossom Shangri-la: Tao Hua Yuan Ji
-0.138981	0.242301	0.314724	-0.149129	0.030650	-0.135856	-0.176222	-0.119933	-0.155403	-0.275968	-0.120406	-0.073029	0.231959	0.027973	-0.008370	0.320027	0.078342	-0.194363	0.357944	0.349195	-0.085655	-0.044766	0.146333	0.003011	0.125893	-0.171961	0.049474	-0.018443	-0.038480	-0.001747	-0.003274	-0.028036	-0.087393	0.002059	0.016481	-0.166961	-0.137511	0.081728	-0.021286	-0.029352	0.008727	-0.002414	0.028756	-0.056668	-0.039575	-0.068608	-0.026576	-0.006809	-0.012079	0.027452	0.025607	-0.016140	0.024128	0.002694	-0.013906	0.053331	-0.015460	0.001420	0.012667	0.020311	-0.029313	0.018829	0.003354	0.004497	-0.038243	0.015547	-0.003581	0.015458	0.006159	-0.008550	Peeps at Heraldry
-0.112474	-0.044475	-0.109386	-0.140521	0.270111	-0.049322	-0.055528	0.120653	0.087373	-0.040094	0.050501	-0.053491	0.019206	0.023108	0.072896	-0.075052	-0.023389	-0.175681	-0.121692	-0.012928	0.001377	-0.029390	0.182304	0.004980	0.137725	-0.115413	-0.114668	-0.131707	0.054744	0.044809	0.048541	-0.027593	0.113207	-0.127900	-0.059824	0.035468	0.077776	-0.051717	-0.013095	0.004293	0.142391	0.059106	0.216007	-0.167829	-0.018661	-0.079383	0.011116	-0.045691	-0.016766	-0.025965	-0.034086	0.137641	0.071265	0.385677	0.238056	-0.175695	0.190290	-0.188137	-0.072596	0.014652	-0.265516	-0.272673	0.140511	-0.027664	-0.020603	-0.091303	0.065105	0.087567	0.077336	-0.028313	Persuasion
-0.110397	0.010801	-0.154602	-0.046390	0.031060	0.119244	0.006198	-0.094471	-0.087827	0.026042	0.152817	-0.082694	-0.007719	-0.007396	0.006014	0.072091	-0.070740	-0.200879	0.143980	-0.011732	-0.107547	0.305028	0.147914	-0.066766	-0.179867	0.041219	0.059172	0.073901	-0.151862	0.080799	-0.210886	-0.047134	-0.101110	0.199439	-0.091606	0.188778	-0.004430	-0.451745	0.000875	-0.215434	0.172651	-0.130231	-0.089909	-0.075631	-0.122203	0.299969	0.011071	0.002905	0.159466	0.002135	-0.002293	-0.141783	0.015780	0.002915	0.042353	0.042987	0.068403	0.003964	-0.023388	0.026817	-0.049274	-0.019579	0.002584	0.041577	0.027601	0.045228	0.030143	0.032787	-0.013927	0.044851	Peter Pan
-0.107019	-0.088471	-0.084590	-0.151437	0.274018	0.001588	0.000666	0.082473	0.059328	-0.081467	0.070936	0.004174	-0.033058	0.135060	0.003183	-0.081963	-0.029544	-0.074727	0.017829	-0.020272	0.019515	0.016199	0.024686	-0.109821	0.008775	-0.175572	-0.006965	-0.038000	-0.026114	0.007518	0.014937	0.006290	0.030172	-0.024011	0.038486	0.153863	-0.027550	0.149084	0.093274	-0.027170	0.162563	-0.074100	0.093740	-0.045512	-0.002387	-0.109840	-0.080936	0.051547	-0.033437	-0.017608	-0.065117	-0.082904	0.219322	0.045790	0.004519	0.274155	0.000685	0.273855	-0.141924	-0.242252	0.484987	0.104089	-0.097481	0.055941	0.202055	-0.177389	-0.120497	0.004883	-0.111606	0.027196	Pride and Predjudice 
-0.107550	-0.096543	-0.091040	-0.169263	0.316050	-0.045211	-0.022752	0.060264	0.099884	-0.059938	0.058122	-0.053088	0.010627	0.051111	0.007291	-0.021423	-0.019664	-0.086320	-0.023267	0.010336	0.016663	-0.025355	0.028328	-0.097183	0.078143	-0.077239	-0.050722	0.032661	0.034453	-0.029952	-0.056782	0.120809	-0.041178	-0.138849	0.001850	0.285758	0.029333	0.139400	0.104123	0.097870	-0.026896	0.060304	0.073776	-0.057372	-0.053910	0.053070	-0.026166	0.099552	0.035705	-0.039430	-0.125409	-0.095471	-0.111821	-0.511980	-0.065636	-0.084790	-0.122758	0.127458	0.306006	0.231386	-0.222097	0.032223	-0.020185	0.087304	-0.095816	0.139404	0.023891	-0.015744	0.065385	-0.025817	Sense and Sensibility
-0.120660	0.035634	-0.068576	0.044788	0.038484	0.234484	-0.012646	0.164054	-0.049135	-0.012774	-0.081315	0.020659	0.089665	-0.081405	-0.102261	0.067758	-0.024068	-0.044290	-0.095401	-0.041542	-0.344249	-0.259305	0.067815	0.547150	-0.007571	0.118618	-0.142039	0.060079	-0.291417	-0.114295	-0.249134	0.010935	0.139157	-0.165229	-0.076206	0.044995	-0.030521	0.107284	0.086822	-0.146492	0.021692	-0.073605	-0.035313	0.057036	-0.004316	-0.061202	-0.005862	0.092197	0.015992	0.061775	0.043366	-0.023447	-0.018397	-0.062563	-0.042174	0.078848	0.024615	-0.012307	-0.004774	0.000695	0.056513	-0.079612	0.033471	-0.049098	0.013455	-0.018461	0.010951	0.020678	0.033662	0.000808	Siddhartha
-0.114521	-0.129234	-0.097098	-0.061828	0.122892	-0.248021	0.100598	0.035230	0.231479	-0.018537	-0.133956	-0.003565	-0.064919	-0.080090	0.031875	0.192993	-0.066889	0.146322	0.156878	-0.019410	-0.139787	0.100334	-0.095395	-0.104419	0.091365	0.111499	0.076856	0.180840	-0.092937	-0.191931	0.030456	-0.055218	-0.046389	-0.136364	0.034911	-0.102125	0.189458	-0.099332	0.109356	-0.210723	-0.084254	0.042723	0.040353	0.147497	0.003317	-0.263800	0.100130	-0.297635	0.156066	-0.117370	0.044978	-0.276012	-0.124875	-0.028340	-0.060865	-0.095229	0.112860	-0.101927	-0.047194	-0.134715	0.009235	-0.071284	-0.050090	0.027610	0.029227	-0.046197	-0.035917	-0.042498	-0.003311	-0.016496	The Romance of Lust: A Classic Victorian erotic novel
-0.129770	-0.014437	-0.010791	0.021727	-0.049934	-0.068063	-0.126685	0.086072	-0.071375	0.014230	-0.051785	-0.073136	0.042214	-0.083082	0.035071	-0.039211	0.055814	-0.006715	-0.015798	-0.019998	-0.021569	-0.049622	-0.082383	-0.019032	-0.014366	0.074437	0.017575	0.062399	0.077821	-0.058901	0.071843	0.042241	0.075582	-0.047617	-0.029471	-0.048407	-0.076622	-0.049523	0.119019	-0.023212	-0.044472	-0.033229	-0.036852	0.035459	0.065248	-0.000608	-0.023509	-0.046866	0.079025	-0.046070	-0.141034	0.050429	0.100852	-0.028787	0.084138	-0.085388	-0.102466	0.087632	-0.100429	-0.011487	-0.016394	0.045086	-0.002945	0.203308	0.172714	0.200637	0.470603	0.494550	-0.417013	-0.039032	Sketches, New and Old
-0.088776	-0.152647	0.171689	0.240528	-0.055687	-0.244194	0.256026	0.049782	0.086547	-0.148420	0.402139	0.262419	0.251937	-0.109475	-0.140580	-0.122701	-0.049194	-0.107784	0.195585	-0.140412	-0.114839	0.196334	-0.144890	0.206045	0.161342	-0.148718	0.102508	-0.176622	0.086262	0.013590	-0.154474	0.072831	0.077702	-0.104203	0.052619	0.007963	-0.030635	-0.086353	0.008237	0.105312	-0.039932	0.047334	-0.059768	-0.000654	-0.038465	0.008927	0.050094	0.016482	-0.006535	-0.053291	-0.047386	0.042777	-0.021037	0.039255	0.004404	0.007409	-0.019169	-0.002273	0.023447	-0.002976	0.022208	-0.004439	-0.031534	0.053080	-0.003371	0.015761	-0.005115	0.028043	-0.009282	0.007722	Sonnets from the Portugese 
-0.123941	0.033873	-0.058921	-0.140848	0.129508	-0.036757	0.099347	-0.106390	0.122642	-0.021814	-0.007058	-0.071230	0.016898	0.037792	0.029383	0.106570	-0.048941	-0.031105	-0.049881	-0.091111	0.017517	0.019079	0.010038	0.092639	0.025278	0.090938	0.013997	0.026138	-0.026031	0.077250	0.037122	0.119351	-0.115489	0.037349	0.101920	-0.011920	0.016964	-0.081483	-0.060029	0.104990	0.015750	0.078589	-0.067175	-0.184264	-0.100734	0.042321	0.035077	-0.013481	-0.077777	0.088746	-0.122510	0.277728	-0.061623	-0.115879	-0.294645	-0.075005	-0.090232	-0.394583	0.043355	-0.289660	0.267629	0.136184	0.169449	-0.316895	-0.025352	0.065429	0.106321	0.155975	-0.010807	0.018543	Tess of the d'Urbervilles: A Pure Woman
-0.122382	-0.078762	0.042513	-0.096767	-0.139221	0.068094	-0.011654	0.080356	0.016171	0.109874	-0.005745	-0.007370	0.060334	-0.060054	0.024217	0.021541	-0.023357	0.138007	0.126481	0.013450	0.076748	-0.090385	0.053061	-0.066718	-0.041772	-0.045632	-0.021651	-0.063983	-0.075538	0.056339	0.006597	-0.076481	0.080464	-0.176214	0.075157	-0.031701	0.050895	-0.046289	-0.033836	0.055644	0.020290	0.066599	-0.052032	-0.083363	0.020185	0.065067	-0.076439	0.032152	0.025907	-0.071106	-0.075552	-0.008167	-0.018991	-0.056387	-0.072341	-0.034620	0.007387	0.026069	-0.063455	0.002369	-0.016149	0.001008	-0.128352	0.033298	-0.073125	-0.260313	0.230373	0.023344	0.162385	0.748133	The Adventures of Sherlock Holmes
-0.117439	-0.001886	-0.180281	0.062048	-0.122059	-0.050508	-0.069406	-0.038613	-0.237502	-0.168737	0.100503	-0.047069	-0.088274	-0.023876	0.038700	-0.088614	-0.083885	0.018327	-0.031854	-0.095143	-0.012382	-0.006925	0.084756	-0.061702	0.101502	0.058731	0.039086	0.164238	0.028190	-0.003201	0.079119	0.006016	-0.053162	-0.017781	0.222771	-0.095151	-0.284477	-0.142136	0.102198	0.036569	0.218580	-0.148461	0.132059	0.180358	-0.065236	-0.342160	0.077882	0.421619	0.018993	-0.075396	-0.090812	0.067700	-0.270705	-0.017020	0.020731	-0.097405	0.069072	-0.035413	-0.024884	0.036669	-0.021368	0.099079	-0.022305	-0.038653	0.027664	-0.055046	-0.036337	-0.057676	0.023768	0.043579	The Adventures of Tom Sawyer
-0.113687	-0.034448	-0.087222	-0.009097	0.099785	-0.096230	-0.025780	-0.069275	-0.050715	-0.011080	-0.136549	-0.051572	0.185862	0.011572	0.171230	-0.135685	0.056378	0.190008	0.149182	-0.144010	0.113985	-0.069394	-0.155760	0.018552	-0.012329	-0.069058	0.025733	-0.005683	-0.084658	-0.072193	-0.087010	0.047241	0.128633	0.170331	0.014697	-0.082860	-0.024039	0.047257	0.178340	-0.001229	0.055436	-0.157423	-0.148598	-0.085763	-0.263431	0.104698	0.087622	-0.188245	-0.246093	0.352295	-0.003813	0.087729	-0.187817	-0.153760	0.300224	-0.056067	-0.018660	-0.010394	-0.160492	0.064792	-0.058628	0.002640	0.005426	0.036236	0.088223	-0.174348	-0.084185	-0.033316	0.016188	-0.013541	The Battle of Life
-0.125845	0.057515	0.075984	-0.081258	-0.128967	0.042058	0.034204	0.077507	-0.109621	-0.220792	0.071347	0.057759	0.026475	0.042188	-0.422018	0.121633	-0.006702	-0.012109	-0.139114	-0.032439	-0.029763	0.025694	-0.211384	-0.319138	-0.249091	-0.098697	-0.299731	0.331912	0.011774	-0.063036	0.014319	0.248850	0.333072	-0.001964	0.005616	-0.009679	0.038190	-0.027514	-0.012395	-0.032102	0.007344	0.032894	0.028300	-0.050087	-0.087145	-0.010953	0.075903	-0.089116	-0.037707	0.072427	-0.001578	0.048708	0.039812	0.066263	-0.016006	-0.002630	0.019505	-0.039223	0.091775	0.008681	-0.013008	-0.032219	0.007858	-0.040157	0.008790	-0.016588	-0.011388	-0.034147	0.026381	0.019269	The Black Lion Inn
-0.136961	0.195364	-0.150389	0.151079	-0.060194	-0.009190	0.057998	0.133854	-0.127235	-0.048672	-0.099132	-0.092683	-0.068798	-0.071650	0.157564	0.062376	-0.048658	-0.351389	0.030261	-0.346533	-0.071774	0.153357	-0.115076	-0.090515	-0.059435	-0.130744	-0.139482	0.076716	0.071644	0.202848	0.075841	-0.213497	-0.183581	-0.258821	-0.190775	-0.110385	0.088270	0.260041	0.011294	0.154149	-0.178980	-0.161482	-0.076019	0.023421	-0.092967	0.077619	-0.027019	-0.021437	-0.008527	0.023945	0.078895	-0.068390	-0.057801	0.034915	-0.040744	-0.009745	-0.005535	-0.016940	-0.028091	0.002831	0.033164	0.044039	0.045007	0.014571	-0.022740	-0.024637	0.002425	-0.027800	0.015209	0.036070	The Call of the Wild
-0.120806	-0.002602	0.051147	-0.056676	-0.046859	0.145039	0.036602	-0.033806	-0.014290	0.063173	-0.060501	0.102791	-0.079137	0.089605	-0.118982	-0.087137	-0.136050	0.110604	0.042355	0.022495	-0.079732	0.005199	0.016555	0.088542	-0.091866	-0.086857	0.032184	0.026190	0.050249	-0.021275	-0.037829	-0.015159	-0.131543	0.053959	0.000395	-0.045621	-0.155635	-0.044258	-0.053064	0.176127	-0.135950	-0.084993	0.147819	-0.095259	0.063151	-0.020261	0.112245	-0.129902	-0.121164	-0.094432	0.017160	-0.125261	0.010453	-0.116645	0.153129	-0.151293	0.372523	0.138703	0.117212	-0.098668	0.105676	0.151833	0.417067	0.180672	-0.278173	-0.103409	-0.065905	0.205417	-0.010866	0.005571	The Count of Monte Cristo
-0.108031	-0.020312	0.151397	0.141331	-0.016834	0.006211	0.194475	-0.026194	0.069398	0.178864	0.287357	-0.057278	-0.016299	-0.064660	0.122570	0.073789	0.033716	-0.050749	0.199085	0.017371	0.092195	-0.159337	0.014939	-0.014715	0.064547	0.167137	-0.185256	0.186917	-0.031970	-0.078837	0.067425	0.231293	-0.154868	0.165019	-0.044040	-0.015112	0.239754	0.218585	-0.159810	-0.092300	0.205593	-0.227329	0.156442	0.028878	-0.069921	0.005412	0.016149	0.143006	-0.243011	-0.049668	0.103065	-0.092150	0.180432	-0.035548	-0.060770	-0.157254	0.044282	0.043806	-0.112048	-0.023977	-0.082748	-0.007109	-0.000725	0.005190	-0.038670	-0.017301	0.071766	0.048180	-0.016304	-0.008239	The Divine Comedy
-0.119339	-0.049303	0.053243	-0.082970	-0.142675	0.110024	0.000987	0.103117	-0.030964	0.087195	0.068094	-0.044696	-0.020342	-0.005324	0.063185	-0.005506	-0.095397	0.198855	0.162144	0.010952	0.074528	0.001763	0.057248	-0.062786	0.015943	-0.021784	-0.019618	-0.010606	-0.070369	0.133558	-0.043015	-0.028716	0.093260	-0.262141	0.048003	-0.061166	0.015422	0.010007	-0.053377	0.045299	0.095532	0.100545	0.003459	-0.038915	-0.076996	0.011069	-0.104728	0.041123	0.001647	-0.012129	0.044232	0.045320	0.060407	-0.136924	0.044206	0.068740	0.033294	-0.119849	-0.112531	-0.114002	-0.072356	-0.122985	0.312584	0.113524	0.186523	0.431273	-0.262029	-0.272400	-0.310621	0.051955	The Hound of the Baskervilles
-0.109844	-0.105784	-0.072063	-0.065707	-0.024523	0.115376	-0.024553	0.015365	-0.066556	-0.031426	0.063469	0.042464	-0.030967	0.062442	0.019380	-0.048102	-0.064266	0.080788	0.024595	0.064202	-0.041945	0.114677	0.035613	0.117470	-0.049713	-0.062664	-0.041563	0.019772	0.134431	0.072448	0.087321	0.056249	-0.114560	0.068727	-0.018287	-0.081913	-0.253537	0.009771	0.249236	0.025692	0.092372	0.127564	0.024592	0.037433	0.040682	0.063679	-0.128925	-0.190046	-0.232751	-0.007286	0.242149	-0.147669	-0.019425	0.086412	-0.301603	-0.330535	-0.216306	0.065613	-0.010631	0.177353	0.169238	-0.375159	-0.031340	-0.031307	0.093034	0.028197	-0.020244	0.023469	0.030198	0.018146	The Idiot
-0.121037	0.201851	0.172387	0.172086	0.029428	-0.007663	0.241975	-0.187320	0.044968	-0.037810	-0.072063	0.288714	-0.208650	-0.020088	0.090075	0.113365	0.006652	0.019966	-0.038773	0.106055	0.088381	-0.258604	0.018730	-0.123487	0.031573	0.023801	-0.039372	0.036876	-0.009688	-0.006472	-0.141432	-0.185555	0.016034	-0.053600	-0.067699	0.224874	0.059235	-0.111995	0.379961	0.246079	0.176500	0.045904	0.114313	0.122503	-0.066487	0.112834	-0.041827	-0.035747	0.164709	0.117224	0.100513	0.157551	-0.081272	0.073500	-0.043427	-0.043968	0.027968	0.080989	0.005126	-0.075634	0.018422	-0.024404	0.014195	0.037326	-0.009489	-0.000340	0.025901	0.026402	-0.042568	0.000021	The Iliad 
-0.091900	-0.219000	0.162390	-0.196539	-0.068293	0.160764	-0.227830	-0.078420	-0.040197	0.073171	0.048291	0.467040	0.019301	0.174024	0.233197	0.061081	0.464242	-0.077308	-0.115286	-0.274716	-0.192744	0.045784	-0.048334	-0.101172	0.139054	-0.045328	0.051335	0.151230	-0.109567	-0.063656	0.013742	-0.042785	-0.112147	-0.028876	0.079175	-0.029986	0.049953	-0.021901	-0.080634	-0.052694	-0.000983	0.019490	0.025442	-0.009846	0.048764	0.035974	-0.018753	0.019792	-0.020096	0.013506	0.034972	0.042583	-0.043062	0.008891	0.010841	0.010174	-0.014286	-0.024424	0.014644	0.018091	-0.009822	0.002978	0.022123	0.012627	0.006341	0.007355	-0.014200	0.008151	-0.007512	-0.010955	The Importance of Being Earnest
-0.131711	0.091711	-0.050879	0.151895	-0.082203	-0.003476	-0.031118	-0.028475	-0.112391	0.178447	-0.127631	0.053569	0.064246	0.030892	-0.030776	0.083671	0.103377	-0.047172	-0.022165	0.031498	0.030785	0.198035	-0.062858	0.033526	-0.061829	0.011099	0.079083	-0.194467	0.076144	-0.009901	0.103706	-0.119833	0.210408	-0.007110	-0.193733	-0.045727	0.128262	-0.034558	0.126582	-0.174917	0.058035	0.144249	0.385308	-0.222037	0.063660	0.010734	0.394796	0.174619	-0.137893	-0.093814	-0.032350	0.036429	-0.063361	-0.247959	-0.087250	0.022106	-0.064024	0.082013	-0.112156	-0.107880	0.038732	-0.111134	-0.059342	-0.044880	-0.056299	0.008642	-0.034887	-0.012242	0.001226	-0.034667	The Jungle Book
-0.141996	0.081848	-0.004561	0.285204	0.054599	-0.031142	0.143540	0.018170	-0.067159	0.269854	0.125495	-0.291652	-0.032775	0.499256	-0.030422	-0.057811	0.232930	-0.117216	0.108427	-0.020907	-0.168716	-0.328586	-0.009018	-0.096386	0.019806	-0.075458	0.077682	0.020124	-0.017040	0.048179	0.076413	0.065822	0.111439	-0.017402	0.036657	-0.004707	-0.057013	-0.172302	0.037632	0.008013	-0.089062	0.112952	-0.155807	-0.053512	0.123376	-0.072700	-0.055172	-0.075249	0.040653	-0.082839	-0.049462	-0.110853	-0.090016	0.022296	0.063182	-0.016192	-0.059416	-0.034320	-0.000070	0.031002	0.061563	-0.013971	0.037929	-0.056534	-0.027253	0.014139	-0.041831	-0.048226	0.039851	-0.017311	The Mabinogion
-0.116703	0.030002	0.002582	0.184487	-0.034915	0.040331	0.054498	0.121341	-0.067158	0.108182	0.001499	-0.116628	0.300718	0.030091	-0.137981	0.166751	0.201329	0.242973	-0.311898	0.038107	0.124548	0.218340	0.242691	-0.081785	0.105247	-0.125162	-0.136119	-0.180585	-0.154119	0.013428	-0.008839	0.133682	-0.355826	-0.124912	0.013264	0.062664	0.044685	-0.087176	0.112391	-0.005229	-0.040000	-0.107690	-0.020589	0.208948	-0.038624	-0.091330	0.047503	-0.137201	-0.054545	0.099544	-0.116016	0.065948	0.047955	0.038463	-0.025613	-0.011210	0.024734	0.127581	0.018498	-0.046488	-0.039148	0.041446	0.018609	-0.020049	0.006983	0.015625	-0.013512	-0.012013	0.004689	-0.002889	The Merry Adventures of Robin Hood
-0.142532	0.184229	0.254382	-0.200570	-0.000915	-0.025909	0.007670	-0.014554	0.062237	0.061307	0.179626	-0.094365	-0.179968	-0.015565	0.131039	0.029551	-0.159782	0.145417	-0.059413	-0.126261	0.020295	0.057292	0.040464	0.044946	0.031637	-0.076913	0.015059	0.064539	0.085221	-0.041154	-0.040999	0.028240	-0.018682	-0.070363	-0.042518	0.167191	-0.121834	0.086162	0.047404	-0.177513	-0.123014	0.151229	-0.208462	-0.041630	0.266856	0.016322	0.315349	0.175248	-0.063658	0.342097	-0.114181	-0.179773	-0.096173	0.223238	-0.062478	0.001875	-0.024994	0.077869	-0.099242	-0.034136	-0.119741	0.064338	0.000048	-0.002398	-0.035840	0.003458	-0.008203	-0.006719	-0.034699	-0.000860	The Murders in the Rue Morgue
-0.122544	-0.022679	-0.039855	0.094335	0.070741	0.004048	-0.082548	0.015477	-0.051556	0.138646	-0.169900	0.052342	-0.071091	0.112580	0.025456	0.069406	-0.103222	0.081360	0.015120	0.094358	-0.162388	0.215942	-0.046880	0.076483	0.012668	-0.061567	-0.032314	0.106088	0.137794	0.021479	-0.201592	0.030309	0.009237	0.091737	-0.172930	0.132351	0.096165	-0.021425	-0.298481	0.335103	0.316325	0.060551	-0.179876	-0.046439	0.102395	-0.382079	0.043284	-0.113906	-0.068413	0.008325	0.096730	0.114297	-0.007986	-0.003182	-0.049407	0.072953	-0.117611	0.009749	-0.117896	0.074631	-0.124839	0.130526	-0.097558	0.091660	0.030461	0.011754	0.056750	-0.011250	0.016875	0.017408	The Odyssey
-0.124552	0.027902	0.034691	-0.073491	-0.074416	0.093417	0.093940	-0.080910	0.092010	0.096848	0.019294	0.072362	-0.090841	0.008131	0.030365	0.023308	-0.071823	-0.040922	0.005566	-0.010750	-0.046153	0.031824	0.010564	0.092492	-0.087440	0.124812	0.008499	-0.022594	0.125173	-0.046587	0.076420	0.193461	-0.102197	0.038823	-0.012025	-0.115790	-0.034535	-0.140984	0.086295	0.190123	-0.252570	-0.149733	0.297963	-0.155555	-0.093402	-0.173776	-0.254674	-0.078742	-0.008283	0.194279	-0.266144	-0.100828	-0.048925	0.009442	-0.019664	0.432284	-0.010344	-0.007143	-0.112641	0.127912	-0.137852	-0.177665	-0.109358	-0.062982	-0.009645	-0.000069	0.043688	-0.056239	-0.042098	0.001703	The Phantom of the Opera
-0.113962	-0.064533	-0.014058	-0.091351	-0.037649	0.160434	-0.029357	0.081318	-0.039831	0.014415	-0.013992	0.000719	0.050384	0.036456	0.118047	-0.025493	0.090109	-0.045766	0.109626	0.070982	0.016887	-0.007239	-0.108348	0.095277	0.093356	0.190267	-0.109453	-0.079632	0.154178	0.153924	0.150200	0.093661	0.083003	0.072864	-0.091731	-0.023817	-0.121858	0.043084	-0.048396	0.183953	0.164738	0.134801	0.012781	0.430512	-0.159320	0.125194	0.325587	-0.114416	0.241615	0.073810	-0.236477	-0.211422	0.158998	0.007814	0.054071	0.087600	-0.047425	-0.106293	0.131455	-0.112812	0.002429	-0.017407	0.034420	0.003468	-0.028173	-0.096467	-0.016854	-0.043462	0.076682	-0.011781	The Picture of Dorian Gray
-0.119351	-0.055461	0.034671	-0.106233	-0.171765	0.107223	0.014200	0.089230	-0.032755	0.049810	0.058095	-0.013205	0.001991	-0.025970	0.071361	-0.019247	-0.087592	0.160485	0.171407	-0.029853	0.084394	0.001238	0.070228	-0.092668	-0.070071	-0.037743	0.015575	-0.026707	-0.105255	0.086262	-0.002061	-0.053156	0.104656	-0.194449	0.065044	-0.058757	0.022879	-0.035673	-0.009469	0.017349	0.049312	-0.003673	-0.052360	-0.047414	0.012319	-0.001936	-0.131340	0.011515	0.054935	-0.007746	-0.026720	0.065811	0.011503	-0.056555	-0.054215	0.027688	-0.013336	0.069748	-0.096247	-0.099615	0.060959	0.002441	-0.058965	0.101636	-0.071513	-0.018547	0.275630	0.038511	0.510459	-0.557491	The Return of Sherlock Holmes
-0.129357	0.112217	0.052576	-0.074444	0.139474	-0.118654	0.025981	0.049468	0.035307	-0.108786	-0.015588	-0.156484	0.105459	-0.047045	0.058980	0.000885	0.014231	0.130516	-0.138562	-0.152404	0.040480	-0.067972	-0.040002	0.064135	0.080310	0.091269	-0.058475	0.094409	-0.021888	-0.000707	0.051323	0.015989	-0.017008	0.082136	0.172080	-0.065623	0.002057	-0.080436	-0.104086	0.098999	0.070996	0.016633	0.029121	0.007075	0.039972	0.273778	0.176541	-0.089139	0.027939	-0.380191	0.149890	0.098718	-0.179702	0.095821	-0.165708	0.384186	-0.037216	0.194665	-0.166677	0.234331	0.014379	-0.075166	0.188622	0.097943	-0.086894	-0.033608	0.025877	-0.039644	-0.011669	-0.030031	The Scarlet Letter
-0.085185	-0.277328	0.097415	0.112021	0.057896	0.100564	-0.014473	-0.192341	-0.016872	-0.034999	-0.097597	-0.025911	0.187132	0.127476	-0.000491	0.197361	-0.268640	0.030136	-0.093913	-0.172192	-0.065199	-0.247325	0.099685	-0.046324	-0.173824	-0.022337	-0.008631	-0.093227	0.532562	0.091000	-0.175385	-0.087231	-0.086866	-0.073123	0.190016	-0.096424	0.122432	0.005001	-0.062729	-0.254596	0.055361	-0.074422	0.044446	0.075710	0.008314	0.045941	0.042884	-0.012277	0.063164	0.048201	0.014769	0.016364	0.030164	-0.023863	0.040072	0.024438	-0.055997	-0.010538	0.028884	0.028605	0.001321	0.017153	-0.028717	0.001632	0.040296	0.011427	-0.026118	0.024359	0.011274	-0.013822	The Taming of the Shrew
-0.081389	-0.179044	0.148847	0.132848	0.031069	0.030615	-0.015387	-0.021717	0.008726	-0.063293	-0.010000	-0.057376	0.121411	-0.044541	0.044113	-0.082263	-0.162021	-0.016913	-0.153871	-0.024151	-0.090715	0.060304	0.268282	-0.127115	-0.016626	0.076714	0.353326	0.238983	-0.247648	0.378314	-0.068714	0.137567	0.111598	0.241397	-0.137059	-0.177844	0.150225	0.256003	0.193631	0.102266	-0.069609	0.166717	0.071856	0.026331	0.093792	-0.015211	0.012298	0.003355	0.034508	-0.001794	-0.029518	0.001799	-0.020021	0.036374	0.045256	0.030464	0.038977	-0.001036	0.055032	0.001531	-0.007359	0.019427	-0.001413	-0.007194	0.001531	-0.010514	0.033388	-0.007625	-0.002672	0.031685	The Tempest
-0.126151	0.103411	-0.086454	-0.093340	0.051560	0.049651	0.091276	-0.214592	0.042557	0.049893	0.033566	-0.052417	0.039523	0.022212	-0.099994	-0.200226	0.145974	-0.066264	-0.091282	0.105758	0.105228	0.096399	-0.041841	-0.217068	0.138671	0.391116	0.040187	0.006792	0.073609	-0.070720	-0.524509	-0.050546	0.005789	-0.269471	-0.102062	-0.275121	-0.185820	0.121522	-0.098733	-0.025906	0.007932	0.037281	-0.005321	-0.025833	-0.001553	0.027972	-0.021522	-0.037345	-0.092642	-0.049361	-0.042292	-0.026152	0.039859	0.063940	0.003273	-0.043458	-0.007687	0.057048	-0.010239	0.040289	0.049899	0.020333	-0.052386	-0.055445	-0.030245	-0.032260	0.008891	-0.025892	-0.009202	-0.009978	The Terrible Twins
-0.083894	-0.192110	0.145171	0.141293	0.018576	0.195322	-0.008502	-0.028153	-0.079282	0.020950	-0.008502	-0.089013	-0.019649	0.135254	0.251913	-0.014756	-0.350547	-0.213674	-0.254572	0.331734	0.172784	0.099552	-0.437736	0.049953	0.178898	-0.155164	-0.059971	0.048876	-0.230369	-0.147375	-0.007283	-0.024210	-0.043698	-0.040499	0.124909	-0.132674	0.023661	-0.085072	0.009686	-0.065082	-0.054061	-0.005182	-0.020663	-0.034805	0.002178	0.047154	0.005751	0.010973	0.053148	-0.015511	-0.048633	0.030998	0.011790	0.003747	-0.004725	-0.008692	-0.012357	-0.003380	0.012004	0.004266	-0.004431	-0.009564	-0.007014	0.012383	-0.006705	-0.019559	-0.005210	-0.012047	0.008865	0.002603	The Tragedy of Julius Caesar
-0.080435	-0.194117	0.146813	0.121086	0.068510	0.066162	0.061592	-0.074102	-0.004021	-0.063274	0.094323	-0.079805	0.255078	-0.007819	-0.033460	0.123565	-0.103823	0.002057	-0.106576	-0.129686	0.040657	0.015700	0.082629	-0.101349	-0.028075	0.283936	0.084858	0.008838	-0.084517	-0.279568	0.368872	-0.353995	0.108087	-0.037369	-0.231405	0.200160	-0.320306	0.036711	-0.151775	0.097283	0.037528	0.030293	-0.043469	-0.109518	-0.083314	-0.061799	-0.095536	-0.059740	-0.019248	0.083270	0.087575	-0.058231	0.025194	-0.024988	-0.006053	0.011622	0.011167	-0.010079	-0.007283	0.018402	-0.018012	0.033100	0.011074	-0.021609	-0.032263	-0.007177	-0.018960	-0.013221	-0.014614	-0.009375	The Tragedy of Romeo and Juliet
-0.145073	0.115634	0.100370	0.005398	-0.234832	-0.263489	0.006402	0.054443	0.126358	0.059333	-0.079476	-0.125908	-0.048760	-0.045084	0.150281	-0.037501	0.071395	-0.066731	-0.203644	-0.063095	-0.029918	0.043171	-0.032681	0.043619	0.090692	0.083783	0.018988	-0.041135	0.106197	0.089096	0.020030	-0.028576	0.089371	0.084785	0.044257	-0.057794	-0.014628	-0.096338	0.017703	-0.155322	0.180402	0.015826	-0.146573	-0.107426	-0.037211	-0.116310	-0.146280	0.022320	-0.026633	0.148686	0.086991	0.037021	0.210829	-0.158205	-0.158096	0.099248	0.265999	0.066675	0.430640	0.044112	0.016680	-0.136589	0.076483	0.162737	0.146137	-0.169878	-0.034650	0.008306	0.029985	-0.004569	The War of the Worlds
-0.131911	0.052158	-0.062724	0.052834	-0.058568	-0.092894	0.000036	-0.313069	0.082263	0.278781	-0.106394	0.058526	-0.100372	0.065239	-0.064361	0.142043	-0.118029	-0.086649	0.015284	-0.111555	-0.031118	0.257757	0.165479	0.032011	0.134404	-0.033424	-0.237852	-0.107705	-0.118997	0.016166	0.014377	0.017908	0.318878	0.155799	0.357010	0.103109	-0.208164	0.298006	-0.037660	-0.038960	-0.110224	-0.035203	0.036427	0.131326	-0.002118	0.085219	-0.109024	-0.083001	0.079657	-0.104145	-0.008710	0.039977	-0.008589	-0.001915	0.040342	-0.058231	-0.003074	0.009015	-0.055596	-0.016336	-0.067554	0.016573	-0.028865	0.013034	0.036059	0.026509	0.009793	0.020751	0.005261	0.005661	The Wonderful Wizard of Oz
-0.121649	0.069227	0.026361	-0.030010	-0.068047	-0.002582	0.067082	-0.041609	-0.135203	-0.274373	0.006364	0.030830	0.040818	0.147202	0.008281	-0.051578	0.061064	0.093744	-0.002847	0.012441	0.053935	0.084032	-0.170592	0.044093	-0.082348	0.058193	0.087825	-0.050498	0.073690	-0.010142	-0.057802	-0.090640	-0.038716	0.138628	-0.054173	0.206996	0.101983	0.158179	0.022645	-0.047242	-0.034538	-0.087460	-0.096351	0.100345	0.269856	-0.025018	-0.201390	0.003366	0.091005	-0.188235	-0.202514	-0.007897	0.075020	-0.173773	-0.038940	-0.063281	0.094526	0.012679	-0.200833	-0.056463	-0.218298	-0.157431	0.273905	-0.320038	0.209964	-0.180008	0.029410	-0.022460	0.051971	-0.006363	Ulysses
-0.132923	0.126477	0.244070	-0.043864	0.240084	-0.122857	-0.301679	-0.010421	-0.130132	0.012802	0.075191	-0.028312	-0.151538	0.088474	0.041508	-0.026315	-0.057464	0.075575	-0.084533	-0.052579	0.012135	0.074307	-0.072144	0.098016	-0.142943	0.134154	0.212172	-0.140063	-0.011375	0.080237	0.007431	0.074289	0.229233	-0.132068	-0.049048	0.071691	0.148876	-0.181191	-0.081111	-0.003926	-0.173179	-0.185979	0.038176	0.323720	-0.249794	-0.018324	-0.154255	0.017946	-0.194593	-0.081636	0.097610	0.018353	0.059076	0.051493	-0.047220	-0.122722	-0.066206	0.058694	0.043721	-0.095358	0.012977	0.020751	-0.045742	-0.027551	-0.166726	0.008922	-0.013661	-0.055977	-0.014985	0.035774	Common Sense
-0.113402	-0.149067	-0.106574	0.018365	0.022312	-0.047164	0.006903	0.038342	0.057067	0.026532	-0.179603	0.114181	0.000315	0.074193	-0.060644	0.098491	0.045476	-0.000373	0.005345	0.050738	0.066074	-0.163094	-0.115730	-0.011421	-0.090710	-0.011360	0.102888	-0.064991	-0.032120	0.076324	-0.005934	0.056274	-0.026472	0.041760	-0.110716	0.024290	-0.132961	0.053971	0.039071	-0.013026	-0.082656	0.043956	-0.134412	-0.015054	-0.219430	0.097330	0.007235	0.157759	-0.150094	-0.167596	-0.175027	-0.021973	0.019014	0.212701	-0.354202	0.007312	0.307378	-0.042678	-0.133693	0.034245	-0.223587	0.147391	-0.139586	0.162194	0.162768	0.144623	-0.249922	0.192507	0.134765	-0.021476	Wuthering Heights
-0.107859	-0.105266	0.024139	-0.176326	-0.112783	0.101286	0.034811	-0.026993	0.060069	0.070447	0.097538	-0.037134	0.000643	-0.044154	0.113310	0.018334	0.038989	-0.062277	0.041736	0.060957	0.091570	-0.047182	-0.007377	-0.074757	-0.094953	0.041484	0.038510	-0.135099	0.012740	0.058671	-0.045804	0.155463	0.003540	-0.007475	-0.092003	0.150100	-0.135777	0.046660	0.203894	0.000310	-0.259125	-0.271931	-0.126771	-0.083084	-0.013823	-0.267180	0.315029	-0.028387	0.216491	-0.203002	0.388182	0.241266	0.141634	-0.026689	0.042080	0.048556	-0.072738	-0.120510	0.014482	0.110812	0.003688	-0.005746	-0.020830	-0.054800	0.035662	-0.056538	-0.077335	0.032249	0.009323	0.021797	The Mysterious Affair at Styles
-0.114240	-0.120612	-0.048151	-0.098629	-0.090883	-0.082359	0.084036	-0.013756	0.141844	0.009720	-0.107107	-0.038412	0.080562	0.017431	-0.008274	0.046618	-0.021818	-0.119309	0.107413	0.095194	0.031859	-0.014455	-0.022229	-0.072963	-0.173312	0.097778	-0.049917	0.012512	-0.111128	0.002406	-0.005663	-0.053455	-0.078643	0.033572	-0.058482	0.105552	0.049335	-0.016852	-0.193781	0.061007	-0.089582	-0.057037	-0.076322	0.239449	0.226176	-0.001978	0.000600	0.189142	-0.195531	0.025979	-0.118612	0.219305	-0.279782	0.080549	0.177061	0.049133	-0.130337	0.071491	0.194140	-0.137307	0.127843	-0.418659	-0.035534	0.159678	-0.032941	0.018710	-0.161120	0.157113	-0.005110	0.007548	The Morgesons
